Name,Slug,Created Date,Updated Date,Short Description,Introduction,Why You'll Love This,Tips,Ingredients Overview,Instructions Overview,FAQ,Related Recipes,Author,Prep Time,Cook Time,Total Time,Servings,Calories,Diet,Category,Cuisine,Recipe Card Ingredients,Recipe Card Instructions,Nutrition,Source URL
Tiramisu Chia Pudding,tiramisu-chia-pudding,"February 27, 2026","February 27, 2026","A no-cook overnight chia pudding with melted white chocolate, cocoa, and almond milk that tastes like tiramisu but fuels your morning with healthy fats, fiber, and steady energy.","Sometimes I want something that feels indulgent the moment I open the fridge, but actually has my back nutritionally. That's the whole point of this tiramisu chia pudding. I created it as a lighter, dairy-free spin on the classic tiramisu concept - fewer ingredients, no cooking required, and the kind of overnight simplicity that makes my busy mornings feel effortless.

What sets this apart from a typical chia pudding is the melted white chocolate swirled into the base. It adds a subtle richness and creaminess that transforms plain chia seeds and almond milk into something that genuinely feels like dessert. Topped with a dusting of cocoa powder, every spoonful has that warm, chocolatey depth you'd expect from a real tiramisu - minus the heavy mascarpone and sugar crash.

This is the kind of recipe I make on a Sunday night and look forward to all week. It's vegan, naturally gluten-free, and works beautifully as a grab-and-go breakfast, a post-workout snack, or an after-dinner treat when you want something sweet without overdoing it. At 224 calories with nearly 25 grams of fiber, it keeps me full for hours while the omega-3s from the chia seeds support focus and mental clarity throughout the day.","- **Zero cooking required** - Just mix, refrigerate, and enjoy the next morning
- **Only 5 ingredients** - Simple enough that I always have everything on hand
- **Packed with fiber** - 24.4g per serving keeps me full and supports digestion
- **Blood sugar friendly** - Monk fruit sweetener won't spike your glucose levels
- **Rich in omega-3s** - Chia seeds support brain function and reduce inflammation
- **Perfect for meal prep** - Stores beautifully in the fridge for up to 5 days
- **Tastes like dessert** - Chocolate tiramisu vibes at just 224 calories
- **Fully plant-based** - Vegan, gluten-free, and dairy-free with no compromises","- I always let the pudding set for at least 6-8 hours so the chia seeds fully absorb the liquid and create that thick, creamy texture
- Don't worry when the cocoa powder rises to the top after mixing - this is completely normal and it will settle as the pudding sets overnight
- I always give it a good stir about 10-15 minutes after putting it in the fridge to prevent the chia seeds from clumping at the bottom
- I use high-quality baker's white chocolate for the best flavor - cheap white chocolate chips can taste waxy and I notice the difference every time
- I like to store mine in individual mason jars or small containers for easy grab-and-go mornings
- If you prefer a thicker pudding, add an extra teaspoon of chia seeds; for a thinner consistency, I splash in a bit more almond milk
- I save the final dusting of cocoa powder for right before serving so it stays fresh and vibrant on top
- I've also tried swapping almond milk for oat milk or coconut milk for a slightly different flavor profile - both work great","The foundation of this pudding starts with 1 cup of almond milk, which keeps things light and low-calorie while providing the liquid the chia seeds need to expand and gel overnight. I use unsweetened almond milk since the white chocolate and monk fruit handle the sweetness, but any plant-based milk you love will do the job.

You'll need 1 tablespoon of chia seeds, which might not sound like much, but these tiny seeds absorb up to 12 times their weight in liquid. That's what creates the pudding-like texture without any cooking. I think chia seeds are seriously underrated - they're loaded with omega-3 fatty acids, fiber, and plant-based protein, which means they slow digestion and help keep you full longer, preventing those mid-morning energy crashes.

The 2 pieces of baker's white chocolate get melted down and stirred into the almond milk mixture, adding a silky richness that makes this pudding feel genuinely indulgent. I never skimp on the white chocolate here - it's what elevates this from ""chia seeds in milk"" to something that actually tastes like tiramisu. A teaspoon of monk fruit sweetener rounds out the sweetness without adding any calories or spiking your blood sugar. Finally, my favorite part is the cocoa powder pulling double duty: 1 teaspoon gets mixed into the base for that deep chocolate flavor, and a second teaspoon gets dusted on top right before serving for presentation and an extra hit of cocoa.","1. I start by melting 2 pieces of baker's white chocolate. You can do this in a small microwave-safe bowl in 15-second intervals, stirring between each one, until the chocolate is completely smooth and liquid. Alternatively, use a double boiler on the stovetop if you prefer. I find that white chocolate can seize up and turn grainy if it gets too hot, so be careful not to overheat it. You want a smooth, pourable consistency.

2. Pour 1 cup of almond milk into a jar or container, then add the melted white chocolate and stir until it's fully incorporated. The warmth of the chocolate will blend easily into the milk. Next, I add 1 teaspoon of monk fruit sweetener and 1 tablespoon of chia seeds. I give everything a thorough stir to make sure the chia seeds are evenly distributed and not clumping together at the bottom.

3. Add 1 teaspoon of cocoa powder to the mixture and stir it in. Don't be alarmed if the powder rises to the top initially - this is completely normal with cocoa. I just mix it in as best I can. It will continue to settle and integrate as the pudding sets in the fridge.

4. Cover the container and place it in the refrigerator. Here's a tip I swear by: come back in about 10-15 minutes and give it one more stir. This helps redistribute the chia seeds, which tend to settle and clump during the first few minutes. After that second stir, I leave it alone and let it work its magic overnight, or for at least 6-8 hours.

5. When you're ready to enjoy your tiramisu chia pudding, give it a gentle stir to check the consistency - it should be thick, creamy, and pudding-like. I dust the remaining 1 teaspoon of cocoa powder over the top for that classic tiramisu look and an extra burst of chocolate flavor. Grab a spoon and dig in.","**Can I use regular sugar instead of monk fruit sweetener?**
Absolutely. I use monk fruit here because it adds sweetness without calories and doesn't spike blood sugar, which is great for steady energy. But regular sugar, honey, maple syrup, or agave all work perfectly fine. Just add to taste, keeping in mind that the white chocolate already brings some sweetness to the mix.

**How long does this keep in the fridge?**
I find this pudding stores beautifully for up to 5 days in the refrigerator, making it ideal for meal prep. Just keep it in an airtight container or sealed jar. The texture may thicken slightly over time as the chia seeds continue to absorb liquid, so I splash in a bit of almond milk and stir before eating if it gets too thick.

**Can I use dark chocolate instead of white chocolate?**
You can, and it will create a deeper, more intense chocolate flavor - closer to a chocolate mousse vibe than tiramisu. I prefer white chocolate because it gives that signature creamy, vanilla-like sweetness that's closer to traditional tiramisu, but dark chocolate is a delicious alternative if that's what you have on hand.

**What if my chia seeds clump together?**
This usually happens when the seeds aren't stirred well enough in the first few minutes. The fix is simple: I stir thoroughly when I first combine everything, then come back 10-15 minutes later and stir again before leaving it overnight. If they've already clumped, break up the clumps with a fork and add a splash more almond milk.

**Is this recipe good for post-workout recovery?**
I think it's a great option. The carbs from the white chocolate and cocoa help restore glycogen after training, the chia seeds support hydration since they absorb and retain liquid, and the healthy fats provide sustained energy. It's gentle on digestion too, which is exactly what I want after a tough workout.","- Overnight Chia Seed Tiramisu
- Cozy Chunky Oatmeal
- High-Protein Cookie Dough",Holistic Bravo,5 minutes,0 minutes,5 minutes (plus overnight refrigeration),1,224,"Vegetarian, Vegan, Gluten-Free","Breakfast, Dessert, Snack",Fusion,"- 1 cup almond milk
- 1 tbsp chia seeds
- 2 pieces baker's white chocolate
- 1 tsp monk fruit sweetener
- 1 tsp cocoa powder (mixed in)
- 1 tsp cocoa powder (topping)","1. Melt 2 pieces of white chocolate until smooth.
2. Combine almond milk, melted white chocolate, monk fruit sweetener, and chia seeds in a jar and stir well.
3. Add 1 tsp cocoa powder and mix (powder may rise to top initially).
4. Refrigerate overnight or at least 6-8 hours, stirring once after 10-15 minutes.
5. Dust with remaining 1 tsp cocoa powder before serving.","Per serving:
- Calories: 224
- Protein: 9.1g
- Carbohydrates: 24.9g
- Fat: 11.6g
- Fiber: 24.4g
- Saturated Fat: 3.3g
- Sodium: 171mg
- Sugars: 4.2g",
Blueberry Cheesecake Chia Pudding,blueberry-cheesecake-chia-pudding,"February 27, 2026","February 27, 2026","This creamy, high-protein chia pudding tastes like blueberry cheesecake but takes just five minutes to prep and requires zero cooking - just let the fridge do the work overnight.","When I first shared this blueberry cheesecake chia pudding, it quickly became one of those recipes that people couldn't stop talking about. And honestly, it makes sense to me. A dessert-inspired breakfast that delivers nearly 26 grams of protein and tastes like you're sneaking cheesecake for breakfast? That's the kind of recipe I save and come back to over and over again.

What makes this recipe so special to me is the combination of thick, creamy Greek yogurt with plump blueberries and chia seeds that bloom overnight into a pudding-like texture. The layers create this beautiful purple and white effect that looks like something from a cafe, but it takes me all of five minutes to throw together before bed. The blueberries break down slightly as they thaw, releasing their juices into the chia pudding and creating a naturally sweet, jammy layer that seriously rivals any cheesecake topping.

This is the kind of breakfast I make when I want to wake up to something that feels indulgent but is actually fueling my body with protein, fiber, omega-3s, and antioxidants. It's perfect for busy mornings, post-workout recovery, or even as a healthy mid-day treat when that sweet tooth hits. No cooking, no blender, no excuses.","- **25.7g of protein** - Keeps me full and energized for hours without snacking
- **Zero cooking required** - Just mix, layer, and refrigerate overnight
- **Only 4 ingredients** - Simple enough that I always have everything on hand
- **Naturally gluten-free** - No flour, oats, or grains involved whatsoever
- **Loaded with antioxidants** - Blueberries and omega-3-rich chia seeds in every bite
- **Tastes like dessert** - Works beautifully as a balanced breakfast or guilt-free snack
- **Meal prep friendly** - I make several jars ahead and grab one each morning
- **12g of fiber per serving** - Keeps your digestion happy all day long","- I always use full-fat Greek yogurt for the richest, most cheesecake-like flavor and texture - though any percentage works
- I actually prefer frozen blueberries here because they release more juice as they thaw, creating that gorgeous jammy layer
- I let the pudding sit for at least 6 hours, but overnight (8-10 hours) gives me the best chia seed texture
- I like to layer the blueberries on the bottom and the chia mixture on top for the prettiest presentation when you flip your spoon through it
- Mason jars or small glass containers are my go-to for meal prepping multiple servings
- If you like a thicker pudding, I recommend adding an extra teaspoon of chia seeds and letting them absorb more liquid
- Don't skimp out on the overnight rest - I've learned that chia seeds need time to fully bloom and develop that signature pudding texture
- I love topping mine with granola, sliced almonds, or a drizzle of nut butter right before eating for added crunch and nutrition","The base of this pudding is 1 cup of Greek yogurt, which is where all that incredible protein comes from. Greek yogurt brings a thick, tangy creaminess that genuinely mimics the richness of cheesecake filling. I use whatever brand I have on hand - just make sure it's a good quality Greek yogurt with a high protein count. If you want to keep this fully plant-based, I'd suggest swapping in a non-dairy yogurt like coconut or cashew-based, though the protein content will be lower.

Next up are the chia seeds - my go-to is 1 tablespoon. These tiny seeds are nutritional powerhouses, packed with omega-3 fatty acids, fiber, and plant-based protein. When they sit in moisture overnight, they absorb liquid and develop a gel-like coating that transforms the whole mixture into a thick, spoonable pudding. That's the whole point of the overnight rest - giving those chia seeds time to work their magic.

For the fruit layer, I use 1 cup of frozen blueberries. Blueberries are loaded with antioxidants, vitamin C, and fiber, and they bring a beautiful natural sweetness to the pudding as they thaw. Finally, 1 tablespoon of agave nectar ties everything together with a gentle, clean sweetness that doesn't overpower the fruit. If you prefer a sweeter pudding, I say go ahead and add an additional tablespoon of agave on top before serving - life is all about balance.","1. I start by adding 1 cup of Greek yogurt to a medium mixing bowl. I spoon in 1 tablespoon of agave nectar and 1 tablespoon of chia seeds. The agave blends most easily when the yogurt is at a slightly cool room temperature, but straight from the fridge works just fine too.

2. Using a spoon or small whisk, I mix everything together until the chia seeds and agave are evenly distributed throughout the yogurt. I want a smooth, consistent mixture with no clumps of chia seeds hiding at the bottom. I take my time here - about 30 seconds of good stirring should do it.

3. Now it's time to layer. I grab my serving jar or bowl and add a generous layer of frozen blueberries to the bottom - roughly half of the cup. I spoon about half of the chia pudding mixture on top, then add the remaining blueberries, and finish with the rest of the chia mixture. You can also do a simple two-layer version with all the blueberries on the bottom and all the pudding on top - either way looks and tastes amazing.

4. I cover the jar or bowl and place it in the refrigerator overnight, or for at least 6 to 8 hours. As the pudding rests, the chia seeds will absorb moisture and swell, thickening the yogurt into a rich, creamy pudding consistency. The frozen blueberries will slowly thaw and release their beautiful purple juices, creating a natural fruit compote layer that swirls into the pudding when you dig in.

5. When I'm ready to enjoy, I give it a gentle stir or eat it layered - completely up to you. I top mine with an extra drizzle of agave if I'm feeling something sweeter, or add a handful of nuts, seeds, or granola for some crunch. This pudding is best consumed within 5 days, stored in the fridge.","**Can I use fresh blueberries instead of frozen?**
Absolutely! Fresh blueberries work well, but I actually prefer frozen for this recipe. Frozen berries release more juice as they thaw overnight, creating that beautiful jammy, compote-like layer that makes this taste like real cheesecake. If you use fresh, I'd recommend lightly mashing a few with a fork to release some of their juices.

**Can I make this vegan?**
Yes! I'd recommend swapping the Greek yogurt for a plant-based yogurt like coconut, cashew, or soy-based yogurt. Just keep in mind that the protein content will be lower with most non-dairy yogurts. I sometimes add a scoop of plant-based protein powder to the mixture to boost the protein back up. Agave and chia seeds are already naturally vegan.

**How long does this keep in the fridge?**
This pudding stores beautifully in the refrigerator for up to 5 days, making it an excellent meal prep option. I've noticed the texture actually improves over the first day or two as the chia seeds continue to absorb and thicken. Just keep it sealed in an airtight container. I don't recommend freezing it, so keep it in the fridge.

**Can I use a different sweetener instead of agave?**
Of course. Maple syrup, honey (if you're not strictly vegan), or even a few drops of stevia all work as substitutes. I use agave because it has a mild, neutral sweetness that doesn't compete with the blueberry flavor, which is why it's my go-to here, but use whatever sweetener you have on hand.

**What other fruits can I use instead of blueberries?**
Mixed berries, strawberries, raspberries, or mango all work wonderfully. I love blueberries because they give you that classic cheesecake vibe and are particularly high in antioxidants, but this recipe is really flexible. Just keep the measurement at about 1 cup of fruit for the right ratio.","- Overnight Chia Seed Tiramisu
- Cozy Chunky Oatmeal
- High-Protein Vegetarian Breakfast Bowl",Holistic Bravo,5 minutes,0 minutes (no-cook),5 minutes (plus overnight refrigeration),1,336,"Vegetarian, High-Protein, Gluten-Free","Breakfast, Dessert, Snack",American,"- 1 cup Greek yogurt
- 1 cup frozen blueberries
- 1 tbsp agave nectar
- 1 tbsp chia seeds
- Optional: additional 1 tbsp agave for extra sweetness","1. Add Greek yogurt, agave, and chia seeds to a bowl and mix until combined.
2. Layer frozen blueberries with the chia pudding mixture in a jar or bowl.
3. Cover and refrigerate overnight (at least 6-8 hours).
4. Enjoy cold, topped with additional agave, nuts, or seeds if desired.","- Calories: 336
- Protein: 25.7g
- Carbohydrates: 54.6g
- Fat: 4.5g
- Fiber: 12g
- Saturated Fat: 0.5g
- Cholesterol: 0mg
- Sodium: 106mg
- Sugars: 36.1g",
Chocolate Protein Chia Pudding,chocolate-protein-chia-pudding,"February 27, 2026","February 27, 2026","This no-cook overnight chia pudding packs 23 grams of protein and rich chocolate flavor into a simple grab-and-go breakfast, dessert, or snack that practically makes itself while you sleep.","When I put together this chocolate protein chia pudding, my goal was simple: maximum nutrition with minimum effort. Sometimes I just need a recipe that works on autopilot, and this one delivers. I mix three ingredients, toss it in the fridge, and wake up to a thick, creamy, chocolatey pudding that's loaded with protein and fiber. That's my whole philosophy - eating well shouldn't require a culinary degree or hours in the kitchen.

What makes this recipe a true game-changer for me is the combination of chia seeds and chocolate protein powder working together. The chia seeds absorb the liquid overnight, creating that signature pudding texture while adding omega-3 fatty acids, fiber, and slow-digesting carbs that keep my energy steady all morning. Meanwhile, the protein powder handles the flavor and the protein boost, turning what could be a bland health food into something that genuinely tastes like a chocolate dessert. At 330 calories with 23 grams of protein, this hits balanced macros without feeling heavy.

This is the kind of breakfast I make when my mornings are hectic but I still want to fuel my body right. It's naturally vegetarian, gluten-free, and can easily be made vegan with a plant-based protein powder. Whether I'm meal prepping for the week, looking for a post-workout refuel, or just craving something sweet and satisfying, this pudding has me covered - and I think you'll feel the same way.","- **Zero cooking required** - Just mix, refrigerate, and enjoy
- **23g of protein per serving** - Keeps me full and satisfied for hours
- **Only 4 simple ingredients** - So simple I always have everything on hand
- **Perfect for meal prep** - Make up to 5 days' worth in minutes
- **Rich chocolatey flavor** - Tastes like a treat but fuels like a real meal
- **Naturally gluten-free** - No flour, grains, or baking involved
- **Endlessly customizable** - Add your favorite toppings, milks, and mix-ins
- **Balanced macros** - Healthy fats from chia and steady energy from slow-digesting carbs","- I always give the mixture a really good froth or stir right after combining - chia seeds love to clump, and I want them evenly distributed for a smooth pudding
- I let it sit for at least 6-8 hours for the best texture, but overnight is my go-to
- If my pudding seems too thick in the morning, I stir in a splash of water or milk to loosen it up to my preferred consistency
- If it seems too thin, I add a few more chia seeds and let it sit for another 30 minutes
- Don't skimp out on the mini chocolate chips on top - they add a satisfying crunch and that little indulgence that makes this feel like dessert
- I make this three times a week and prep multiple jars at once for a grab-and-go breakfast situation
- Mason jars or small containers with lids work perfectly for storing individual servings - I keep a stack of them ready to go
- For an extra creamy, richer version, I swap the water for oat milk, almond milk, or any milk of my choice","The foundation of this pudding starts with one scoop (32 grams) of chocolate protein powder. This is where the bulk of my protein comes from, and it doubles as the flavoring agent - so I always recommend choosing a brand you genuinely enjoy the taste of. I use a plant-based chocolate protein, but whey, casein, or any protein powder you love will work beautifully here. The chocolate flavor is what gives this pudding its rich, dessert-like quality without needing added sugar or cocoa.

Next up are the chia seeds - you'll need just 1 tablespoon. These tiny seeds are seriously powerful. When they absorb liquid, they expand and create a gel-like pudding texture that's thick, creamy, and satisfying. Beyond the texture magic, chia seeds bring omega-3 fatty acids, fiber, and antioxidants to the table. They're also what gives this pudding its slow-digesting energy, keeping you fueled steadily instead of crashing an hour later.

My liquid base is 1 cup of water, which keeps the calorie count low and lets the chocolate protein flavor shine. That said, if you want extra protein and creaminess, swapping the water for a milk or milk substitute is an excellent move - I love using oat milk, almond milk, or coconut milk because they add their own layer of richness. Finally, I top it off with 2 tablespoons of mini chocolate chips once the pudding has set. They add a sweet crunch and make every bite feel like a real treat. You can also get creative with additional toppings like fresh berries, sliced banana, nuts, or a drizzle of nut butter.","1. I start by adding one scoop (32 grams) of my favorite chocolate protein powder and 1 tablespoon of chia seeds to a jar, bowl, or container. I give them a quick stir to combine the dry ingredients before adding the liquid - this helps prevent the protein powder from clumping when it hits the water.

2. Next, I pour in 1 cup of water (or my preferred milk or milk substitute for a creamier result). Using a small frother or whisk, I blend everything together until the mixture is smooth and the protein powder is fully dissolved. I find that a milk frother works especially well here because it breaks up any clumps and ensures the chia seeds are evenly distributed throughout the liquid rather than settling in one spot.

3. I give the mixture one final stir, then cover the container and place it in the refrigerator. I let it sit overnight, or for at least 6-8 hours. During this time, the chia seeds absorb the liquid and expand, transforming the mixture from a thin chocolate drink into a thick, creamy pudding. You'll know it's ready when the texture is gel-like and holds its shape on a spoon.

4. When I'm ready to enjoy, I pull the pudding from the fridge and give it a good stir to break up any clumps and even out the texture. I top it with 2 tablespoons of mini chocolate chips and whatever other toppings I'm in the mood for - fresh fruit, crushed nuts, seeds, coconut flakes, or a spoonful of nut butter all work wonderfully. Serve it right in the jar or transfer to a bowl, and enjoy your high-protein chocolate treat.","**Can I make this vegan?**
Absolutely. I just use a plant-based protein powder and check that my chocolate chips are dairy-free. Many brands offer vegan mini chocolate chips that taste just as good. With those two swaps, this recipe is fully vegan with no compromise on flavor or texture.

**How long does this keep in the fridge?**
I find that chia pudding stores beautifully in the refrigerator for up to 5 days, making it one of my best meal prep recipes. I just keep it covered and add my toppings fresh each morning for the best texture and crunch.

**Can I use something other than water?**
Definitely - and I'd actually encourage it if you want an even richer pudding. Oat milk, almond milk, coconut milk, or regular dairy milk all work great and will add extra creaminess and protein. I just keep in mind that swapping to milk will increase the calorie count slightly, but it's absolutely worth it for the added flavor and nutrition.

**Why is my pudding lumpy or not setting properly?**
This usually comes down to one of two things: either the chia seeds weren't stirred well enough at the start and clumped together, or it hasn't sat long enough. I always make sure to froth or whisk thoroughly when combining, and I give it a full 6-8 hours minimum. If it still seems thin, I add a few more chia seeds and let it sit for another 30 minutes.

**Can I heat this up?**
You can warm it gently on the stovetop or in the microwave for a cozy warm pudding option. I just heat it slowly and stir frequently - high heat can affect the protein powder's texture. I usually prefer it cold, but warm chia pudding with chocolate chips is seriously comforting on a chilly morning.","- Overnight Chia Seed Tiramisu
- Two-Ingredient Chocolate Protein Cosmic Muffins
- High-Protein Chocolate Mug Pie",Holistic Bravo,5 minutes,"0 minutes (no cook, overnight set)",5 minutes prep + overnight,1,330,"Vegetarian, High-Protein, Gluten-Free","Breakfast, Dessert, Snack",American,"- 1 scoop chocolate protein powder (32g)
- 1 tbsp chia seeds
- 1 cup water
- 2 tbsp mini chocolate chips","1. Combine chocolate protein powder and chia seeds in a jar or container.
2. Add water and froth or whisk until smooth and well combined.
3. Cover and refrigerate overnight (at least 6-8 hours).
4. Stir pudding, top with mini chocolate chips and desired toppings, and enjoy.","- Calories: 330
- Protein: 23g
- Carbohydrates: 29g
- Fat: 15.3g
- Fiber: 5g
- Saturated Fat: 5.5g
- Sugars: 10g
- Cholesterol: 0mg
- Sodium: 0mg",
Pineapple Upside Down Cake Chia Pudding,pineapple-upside-down-cake-chia-pudding,"February 27, 2026","February 27, 2026","A light, tropical overnight chia pudding that tastes like pineapple upside down cake but is packed with fiber, healthy fats, and slow-digesting carbs to keep you fueled all morning.","When I came up with this recipe, I knew right away it wasn't just another chia pudding. It's my tropical twist on overnight oats that channels all the sweet, caramelized vibes of a classic pineapple upside down cake - without turning on the oven, without the refined sugar, and without any of the guilt. The combination of chia seeds, rolled oats, and frozen pineapple creates something that's seriously satisfying and bright enough to make me actually look forward to mornings.

What makes this recipe a game-changer for me is how effortless it is. I throw everything into a mason jar the night before, give it a good shake, and wake up to a thick, creamy, dessert-like breakfast that's ready to grab and go. The chia seeds and oats absorb the almond milk overnight, creating that signature pudding texture, while the frozen pineapple thaws on top and releases its natural juices - almost like a fruity syrup. It's the kind of breakfast I make when I want something that feels indulgent but is actually doing my body a favor.

This bowl is naturally vegan, plant-based, and can easily be made gluten-free with certified GF oats. It's perfect for busy mornings, meal prep Sundays, or anytime you want a light, hydrating, fiber-rich meal that supports digestion and steady energy throughout the day.","- **Zero cooking required** - Just mix, refrigerate overnight, and enjoy
- **Only 224 calories** - Nearly 14 grams of fiber per serving keeps me full
- **Tropical dessert vibes** - Tastes indulgent but fuels me like a proper breakfast
- **5 simple ingredients** - You probably already have everything in your kitchen
- **Naturally vegan and plant-based** - No dairy or eggs needed
- **Meal prep friendly** - I make several jars on Sunday for the whole week
- **Light and hydrating** - Perfect for warmer weather or post-workout recovery
- **Naturally sweet pineapple** - You barely need any added sweetener","- I always use a mason jar with a tight-fitting lid so I can shake the mixture instead of stirring - it distributes the chia seeds more evenly and prevents clumping
- Don't skimp out on the shaking step. Chia seeds love to clump together, and I've found that a good 1-2 minutes of shaking makes a huge difference in the final texture
- I let it sit in the fridge for at least 6-8 hours, but overnight is ideal. The longer it sits, the thicker and creamier it gets
- Keep the pineapple frozen until you're ready to eat. As it thaws on top, it releases sweet juices that act like a natural syrup over the pudding
- If you prefer a thinner consistency, I recommend adding a splash more milk in the morning before eating
- I make this three times a week during the summer - it's that easy and that good
- For extra texture, I like to top mine with a handful of sliced almonds, hemp seeds, or shredded coconut right before serving
- I store my prepared jars in the fridge for up to 4 days, but I always add the pineapple topping fresh each morning for the best texture","The base of this pudding starts with 1 cup of almond milk, which I love because it keeps things light, hydrating, and dairy-free. You can absolutely swap in any milk you prefer - oat milk makes it a bit creamier, coconut milk adds a tropical richness that pairs beautifully with the pineapple, or use regular dairy milk if that's what you have on hand. The milk is the liquid foundation that the chia seeds and oats will absorb overnight, so I say use whatever you enjoy most.

Next up is 1 tablespoon of chia seeds, which are honestly the magic of this recipe for me. These tiny seeds are loaded with omega-3 fatty acids, fiber, and a surprising amount of protein. When they sit in liquid overnight, they form a gel-like coating that creates that thick, pudding-like consistency. I pair them with one-third cup of rolled oats, giving me a combination of quick and slow-digesting carbohydrates that keep my blood sugar stable and my energy consistent for hours. The oats also add a subtle heartiness that makes this feel like a real meal, not just a snack. If you need this to be gluten-free, just make sure you're using certified gluten-free rolled oats.

For sweetness, I use 1 teaspoon of monk fruit sweetener to keep things naturally sweet without spiking my blood sugar or adding extra calories. And then the star of the show - half a cup of frozen pineapple. Pineapple contains bromelain, an enzyme that may support digestion and reduce bloating, making this bowl as functional as it is delicious. The frozen chunks thaw overnight or in the morning and release their tropical juices right into the pudding. If you want even more sweetness, I find that a drizzle of agave or honey on top does the trick beautifully.","1. I start by grabbing a mason jar or any container with a lid that seals tightly. I add 1 cup of almond milk, 1 tablespoon of chia seeds, 1 teaspoon of monk fruit sweetener, and one-third cup of rolled oats directly into the jar. There's no specific order here - I just get everything in there.

2. I place the lid on the jar and shake it well for 1 to 2 minutes. I want the chia seeds to be evenly distributed throughout the mixture rather than clumped together at the bottom. If you prefer, you can also stir everything together thoroughly with a spoon or fork, making sure to scrape the bottom and sides of the jar. The mixture should look like a thin, slightly grainy liquid at this point - don't worry, it will thicken dramatically overnight.

3. I place the jar in the refrigerator and let it sit overnight, or for at least 6 to 8 hours. During this time, the chia seeds absorb the liquid and expand, forming a thick gel, while the rolled oats soften and swell. When I open the jar in the morning, the mixture has a thick, creamy, pudding-like consistency. If it seems too thick for your liking, stir in a splash of additional almond milk to loosen it up.

4. When I'm ready to enjoy, I top the pudding with half a cup of frozen pineapple chunks. I usually add them straight from the freezer and let them thaw for a few minutes as I get ready, or you can thaw them beforehand if you prefer softer fruit. As the pineapple defrosts, it releases sweet, tropical juices that pool over the top of the pudding like a natural fruit syrup. I'll add a drizzle of agave or honey if I want extra sweetness, and finish with any additional toppings - sliced almonds, hemp seeds, shredded coconut, or a sprinkle of granola all work wonderfully.","**Can I use a different milk instead of almond milk?**
Absolutely. Any milk works here - oat milk, coconut milk, soy milk, cashew milk, or even regular dairy milk. I personally love coconut milk with the pineapple because it leans into that tropical flavor. Just keep in mind that full-fat coconut milk will increase the calorie count, while lighter options like rice milk might result in a thinner pudding.

**Can I make this ahead for the whole week?**
Yes, and honestly that's the whole point of overnight recipes like this for me. I prepare 4-5 jars on a Sunday evening and they keep in the fridge for up to 4 days. I'd recommend adding the pineapple topping fresh each morning rather than letting it sit in the pudding all week, as it can make things a bit too watery after a couple of days.

**What if I don't have monk fruit sweetener?**
No problem at all. I've used maple syrup, agave nectar, honey (if you're not strictly vegan), stevia, or a small amount of regular sugar as substitutes. You could also skip the sweetener entirely and let the natural sweetness of the pineapple do the work - it's surprisingly sweet on its own.

**Is this recipe gluten-free?**
It can be, but it depends on your oats. Oats are naturally gluten-free, but they're often processed in facilities that also handle wheat. If you have celiac disease or a gluten sensitivity, I recommend using certified gluten-free rolled oats. Everything else in the recipe is naturally gluten-free.

**Can I use fresh pineapple instead of frozen?**
You can, but I find frozen works better for this recipe. Frozen pineapple thaws gradually and releases its juices slowly, creating that syrupy topping effect. Fresh pineapple works fine for flavor, but you'll miss out on that natural ""sauce"" that forms as it defrosts.","- Overnight Chia Seed Tiramisu
- Cozy Chunky Oatmeal
- Hot Chocolate Protein Oatmeal with Spicy Eggs",Holistic Bravo,5 minutes,0 minutes,5 minutes (plus overnight refrigeration),1,224,"Vegetarian, Vegan, Gluten-Free (with certified GF oats)","Breakfast, Dessert, Snack",American,"- 1 cup almond milk
- 1 tbsp chia seeds
- 1 tsp monk fruit sweetener
- 1/3 cup rolled oats
- 1/2 cup frozen pineapple
- Optional: agave, honey, or additional sweetener for topping
- Optional: nuts, seeds, or shredded coconut for topping","1. Add almond milk, chia seeds, monk fruit sweetener, and rolled oats to a mason jar.
2. Seal the jar and shake well for 1-2 minutes until evenly combined.
3. Refrigerate overnight or for at least 6-8 hours.
4. Top with frozen pineapple and optional toppings before serving.","- Calories: 224
- Protein: 7.4g
- Carbohydrates: 25.3g
- Fat: 7.6g
- Fiber: 13.8g
- Sugars: 12.7g
- Sodium: 84.3mg
- Cholesterol: 0mg",
PB Coconut Dream Chia Pudding,pb-coconut-dream-chia-pudding,"February 27, 2026","February 27, 2026","A creamy, tropical-nutty chia pudding packed with 26g of plant-based protein and zero cooking required - just blend, layer, and let the fridge do the rest.","When I created this chia pudding, my goal was simple: a high-protein, make-ahead breakfast that feels indulgent but fuels your body the right way. This PB Coconut Dream Chia Pudding delivers exactly that. Rich coconut milk, warming cinnamon, and a thick layer of peanut butter drizzle come together into something that tastes like a tropical dessert but packs a serious nutritional punch. At over 26 grams of protein and nearly 18 grams of fiber per serving, this is the kind of breakfast that keeps me full for hours.

The magic of this recipe is that it requires absolutely no cooking. I blend a few simple ingredients, layer on the peanut butter topping, and let it set overnight in the fridge. By morning, I've got a thick, creamy pudding waiting for me - no stovetop, no oven, no effort. That's the whole point. I designed this for busy mornings, meal prep Sundays, or anytime you want something nourishing without spending time over a hot stove.

What makes this stand out from other chia puddings is the combination of coconut milk and PB powder. The coconut milk brings richness and healthy fats that help stabilize your energy throughout the morning, while the PB powder adds plant-based protein without the heaviness of full-fat peanut butter. Topped with your favorite nuts, seeds, or fresh fruit, this pudding becomes a customizable bowl of goodness that works as breakfast, dessert, or an afternoon snack.","- **26g plant-based protein** - Keeps me fueled and satisfied all morning long
- **Zero cooking required** - Just blend, layer, and refrigerate overnight
- **Only 6 simple ingredients** - Simple enough that I always have everything on hand
- **Naturally vegan, gluten-free, and grain-free** - Fits so many dietary needs without any substitutions
- **Nearly 18g of fiber per serving** - Lasting fullness and healthy digestion in every bite
- **Meal prep friendly** - I make a batch on Sunday and it stores in the fridge for up to 5 days
- **Creamy, rich, and naturally sweet** - No refined sugar needed whatsoever
- **Anti-inflammatory ingredients** - Cinnamon and chia seeds support overall wellness from the inside out","- I always use full-fat coconut milk for the creamiest, most satisfying texture - light coconut milk will work but the pudding will be thinner
- I like to blend the coconut milk mixture with a hand blender or regular blender to break up the chia seeds slightly, which creates a smoother base rather than a gritty texture
- When I mix the PB powder, I add water one tablespoon at a time until I reach a thick but pourable consistency - you want it to drizzle, not clump
- I've found that letting the pudding set for at least 6 hours gives great results, but overnight is best for the thickest, most pudding-like texture
- I store mine in individual glass jars or containers so I can grab one each morning for the ultimate grab-and-go breakfast
- Don't skimp on the cinnamon - I love how it adds warmth and pairs beautifully with the coconut and peanut butter
- I top mine with sliced banana, berries, shredded coconut, or crushed peanuts right before serving for extra texture and flavor","The base of this pudding starts with half a cup of coconut milk, which brings all the creamy, tropical richness I need. Full-fat canned coconut milk is my go-to here because the fat content helps the chia seeds gel into a thick, luxurious pudding rather than a watery mess. If you only have light coconut milk, it'll still work - just expect a slightly thinner consistency.

Chia seeds are the real workhorse of this recipe. I use 1 tablespoon of chia seeds, and these tiny seeds do something incredible - they absorb liquid and expand into a gel-like texture that gives the pudding its signature thickness. Beyond texture, chia seeds bring healthy omega-3 fats, fiber, and antioxidants that support digestion and reduce inflammation. One teaspoon of ground cinnamon rounds out the base with warm, cozy flavor and even more anti-inflammatory benefits, while 1 teaspoon of monk fruit sweetener adds just a touch of natural sweetness without spiking your blood sugar.

The peanut butter layer is where the protein really shines. I use a quarter cup of PB powder mixed with about 4 tablespoons of water to create a thick, drizzly peanut butter sauce that's packed with plant-based protein but without the heavy fat content of regular peanut butter. PB powder is seriously my go-to for hitting protein goals. You can find it at most grocery stores - PB2 and PBfit are popular brands that I've had great results with.","1. I start by adding half a cup of coconut milk to a medium mixing bowl. Then I add 1 teaspoon of monk fruit sweetener, 1 teaspoon of ground cinnamon, and 1 tablespoon of chia seeds to the bowl. I give everything a quick stir to combine before blending.

2. Using a hand blender (or transferring to a regular blender), I blend all the ingredients together until the mixture is smooth and the chia seeds are partially broken down. I find this step is important because it creates a creamier, more uniform base. You should see the mixture become slightly thicker and more cohesive after blending - that's exactly what you want.

3. I pour the blended mixture into a glass jar or container. Something with a lid works best since this is going straight into the fridge. A mason jar, small Tupperware, or glass meal prep container all work perfectly here.

4. In a separate small bowl, I add a quarter cup of PB powder. I add water one tablespoon at a time, stirring between each addition, until I reach my desired consistency. I usually use about 4 tablespoons total, but the exact amount depends on the brand of PB powder. I'm looking for a thick, smooth, pourable texture - think drizzle, not paste.

5. I carefully pour the peanut butter mixture over the top of the chia pudding base. You can swirl it in slightly for a marbled look, or leave it as a distinct layer on top - both ways are delicious. The PB layer will slowly sink and meld with the chia base as it sets, creating beautiful ribbons of peanut butter throughout.

6. I cover the container and place it in the refrigerator to set overnight, or for a minimum of 6 hours. The chia seeds need time to absorb the liquid and expand into that thick, pudding-like consistency. When I pull it out in the morning, it should be thick, creamy, and ready to eat. I top mine with my favorite nuts, seeds, shredded coconut, or fresh fruit and enjoy.","**Can I use regular peanut butter instead of PB powder?**
Absolutely, but keep in mind it will change the nutrition profile significantly. Regular peanut butter adds more fat and calories, while PB powder gives you that peanut butter flavor with a fraction of the fat and a higher protein-to-calorie ratio. If I'm out of PB powder, I use about 2 tablespoons of regular PB thinned with a little water or coconut milk so it's still drizzleable.

**How long does this keep in the fridge?**
I find this pudding stores beautifully for up to 5 days in the refrigerator, making it perfect for my weekly meal prep. Just keep it in a sealed container. The texture actually gets better over the first day or two as the chia seeds fully absorb the liquid. I always add any fresh toppings right before eating so they stay fresh and crunchy.

**Can I use a different milk instead of coconut milk?**
You can swap in any milk you like - almond milk, oat milk, soy milk, or cashew milk all work. However, coconut milk gives this recipe its signature richness and tropical flavor, which is why I always come back to it. If you use a thinner milk, I'd recommend adding an extra teaspoon of chia seeds to make sure the pudding sets properly.

**Is monk fruit sweetener necessary?**
Not at all. I sometimes substitute maple syrup, agave, or stevia, or just leave it out entirely if I'm not in the mood. The coconut milk and peanut butter provide natural sweetness on their own. I use monk fruit because it's a zero-calorie natural sweetener that doesn't affect blood sugar, but any sweetener you enjoy will work.

**Can I make this without a blender?**
Yes! I've made it by simply whisking everything together vigorously by hand. The pudding will have more visible chia seeds and a slightly different texture, but it'll still be delicious. Just make sure to whisk well so there are no clumps of cinnamon or sweetener.","- Overnight Chia Seed Tiramisu
- High Protein Cookie Dough
- High-Protein Peanut Butter Chocolate Truffles",Holistic Bravo,5 minutes,"0 minutes (no-cook, overnight set)",5 minutes prep + overnight setting,1,433,"Vegetarian, Vegan, High-Protein, Plant-Based, Gluten-Free","Breakfast, Dessert, Snack",Fusion,"- 1/2 cup coconut milk
- 1 tsp monk fruit sweetener
- 1 tsp ground cinnamon
- 1 tbsp chia seeds
- 1/4 cup PB powder
- 4 tbsp water
- Optional: nuts, seeds, or fresh fruit for topping","1. Combine coconut milk, monk fruit sweetener, cinnamon, and chia seeds in a bowl.
2. Blend with a hand blender until smooth.
3. Pour mixture into a glass container.
4. In a separate bowl, mix PB powder with water one tablespoon at a time until thick and smooth.
5. Pour PB mixture over the chia pudding base.
6. Cover and refrigerate overnight (minimum 6 hours).
7. Top with nuts, seeds, or fruit before serving.","- Calories: 433
- Protein: 26.4g
- Carbohydrates: 26g
- Fat: 27.4g
- Fiber: 18.2g
- Saturated Fat: 18.5g
- Sodium: 389mg
- Sugars: 10.5g",
